metric,value
BLEU,4.706588862013308
ROUGE-1,36.97454433602552
ROUGE-2,12.605072477633552
ROUGE-L,28.79430544935771
